{
  "4096": {
    "fwd": {
      "name": "fwd",
      "time_ms": 3.3067519664764404,
      "flops_G": 549.755813888,
      "tflops": 166.25250985298442,
      "mfu_%": 16.801668504596705,
      "bw_perfect_GB/s": 91.48378199116898,
      "bw_perfect_util_%": 2.730859163915492,
      "ai_perfect_F/B": 1817.2894280762564,
      "bw_naive_GB/s": 162.51451740198996,
      "bw_naive_util_%": 4.8511796239399985,
      "ai_naive_F/B": 1023.0009756097561
    },
    "delta": {
      "name": "delta",
      "time_ms": 0.11523199826478958,
      "flops_G": 0.0,
      "tflops": 0.0,
      "mfu_%": 0.0,
      "bw_GB/s": 2334.0716819121903,
      "bw_util_%": 69.67378154961762,
      "ai_F/B": 0.0
    },
    "dQ": {
      "name": "dQ",
      "time_ms": 4.787136077880859,
      "flops_G": 549.755813888,
      "tflops": 114.8402311829336,
      "mfu_%": 11.605884909846752,
      "bw_perfect_GB/s": 91.33982926041281,
      "bw_perfect_util_%": 2.7265620674750095,
      "ai_perfect_F/B": 1257.2853717026378,
      "bw_naive_GB/s": 140.40486943866816,
      "bw_naive_util_%": 4.191190132497557,
      "ai_naive_F/B": 817.9219968798752
    },
    "dKV": {
      "name": "dKV",
      "time_ms": 9.29043197631836,
      "flops_G": 549.755813888,
      "tflops": 59.174408174920934,
      "mfu_%": 5.980233266793424,
      "bw_perfect_GB/s": 36.23005871610569,
      "bw_perfect_util_%": 1.0814942900330056,
      "ai_perfect_F/B": 1633.2959501557632,
      "bw_naive_GB/s": 36.23005871610569,
      "bw_naive_util_%": 1.0814942900330056,
      "ai_naive_F/B": 1633.2959501557632
    },
    "meta": {
      "N": 4096,
      "B": 1,
      "H_Q": 32,
      "H_KV": 4,
      "D": 512,
      "causal": true,
      "GQA_RATIO": 8,
      "block_cfg_fwd": "BQ=64, BKV=32, w=8, BLOCK_D=512",
      "block_cfg_dQ": "BQ=32, BKV=64, w=8",
      "block_cfg_dKV": "BQ=64, BKV=16, w=4, GQA_RATIO=8",
      "t_sdpa_fwd": 5.186431884765625,
      "t_triton_fwdbwd": 17.477760314941406,
      "t_sdpa_fwdbwd": 46.15776062011719,
      "fwd_speedup": 1.5684369246152157,
      "fwdbwd_speedup": 2.6409425343050272
    }
  },
  "8192": {
    "fwd": {
      "name": "fwd",
      "time_ms": 12.309120178222656,
      "flops_G": 2199.023255552,
      "tflops": 178.64991353667344,
      "mfu_%": 18.054564278592565,
      "bw_perfect_GB/s": 49.152851157503406,
      "bw_perfect_util_%": 1.4672492882836836,
      "ai_perfect_F/B": 3634.578856152513,
      "bw_naive_GB/s": 87.31659001116289,
      "bw_naive_util_%": 2.606465373467549,
      "ai_naive_F/B": 2046.0019512195122
    },
    "delta": {
      "name": "delta",
      "time_ms": 0.20444799959659576,
      "flops_G": 0.0,
      "tflops": 0.0,
      "mfu_%": 0.0,
      "bw_GB/s": 2631.0821776754465,
      "bw_util_%": 78.53976649777452,
      "ai_F/B": 0.0
    },
    "dQ": {
      "name": "dQ",
      "time_ms": 18.56048011779785,
      "flops_G": 2199.023255552,
      "tflops": 118.47879158273132,
      "mfu_%": 11.973601979053191,
      "bw_perfect_GB/s": 47.11690529823204,
      "bw_perfect_util_%": 1.4064747850218517,
      "ai_perfect_F/B": 2514.5707434052756,
      "bw_naive_GB/s": 72.4267057462032,
      "bw_naive_util_%": 2.161991216304573,
      "ai_naive_F/B": 1635.8439937597504
    },
    "dKV": {
      "name": "dKV",
      "time_ms": 35.64271926879883,
      "flops_G": 2199.023255552,
      "tflops": 61.69628189611774,
      "mfu_%": 6.235096705014426,
      "bw_perfect_GB/s": 18.887049187330053,
      "bw_perfect_util_%": 0.5637925130546284,
      "ai_perfect_F/B": 3266.5919003115264,
      "bw_naive_GB/s": 18.887049187330053,
      "bw_naive_util_%": 0.5637925130546284,
      "ai_naive_F/B": 3266.5919003115264
    },
    "meta": {
      "N": 8192,
      "B": 1,
      "H_Q": 32,
      "H_KV": 4,
      "D": 512,
      "causal": true,
      "GQA_RATIO": 8,
      "block_cfg_fwd": "BQ=64, BKV=32, w=8, BLOCK_D=512",
      "block_cfg_dQ": "BQ=32, BKV=64, w=8",
      "block_cfg_dKV": "BQ=64, BKV=16, w=4, GQA_RATIO=8",
      "t_sdpa_fwd": 20.222976684570312,
      "t_triton_fwdbwd": 66.40332794189453,
      "t_sdpa_fwdbwd": 165.08396911621094,
      "fwd_speedup": 1.6429262523855184,
      "fwdbwd_speedup": 2.4860797528200056
    }
  },
  "16384": {
    "fwd": {
      "name": "fwd",
      "time_ms": 47.522560119628906,
      "flops_G": 8796.093022208,
      "tflops": 185.0929958332532,
      "mfu_%": 18.705709533426297,
      "bw_perfect_GB/s": 25.46278443236044,
      "bw_perfect_util_%": 0.7600831173838937,
      "ai_perfect_F/B": 7269.157712305026,
      "bw_naive_GB/s": 45.23284929492106,
      "bw_naive_util_%": 1.3502343073110763,
      "ai_naive_F/B": 4092.0039024390244
    },
    "delta": {
      "name": "delta",
      "time_ms": 0.38921600580215454,
      "flops_G": 0.0,
      "tflops": 0.0,
      "mfu_%": 0.0,
      "bw_GB/s": 2764.118021772383,
      "bw_util_%": 82.51098572454875,
      "ai_F/B": 0.0
    },
    "dQ": {
      "name": "dQ",
      "time_ms": 72.62905883789062,
      "flops_G": 8796.093022208,
      "tflops": 121.10983073374307,
      "mfu_%": 12.239497800277217,
      "bw_perfect_GB/s": 24.081611354813983,
      "bw_perfect_util_%": 0.7188540702929547,
      "ai_perfect_F/B": 5029.141486810551,
      "bw_naive_GB/s": 37.017536878742845,
      "bw_naive_util_%": 1.1050011008579954,
      "ai_naive_F/B": 3271.687987519501
    },
    "dKV": {
      "name": "dKV",
      "time_ms": 141.20994567871094,
      "flops_G": 8796.093022208,
      "tflops": 62.29088878924563,
      "mfu_%": 6.295188356669594,
      "bw_perfect_GB/s": 9.534537935899662,
      "bw_perfect_util_%": 0.28461307271342273,
      "ai_perfect_F/B": 6533.183800623053,
      "bw_naive_GB/s": 9.534537935899662,
      "bw_naive_util_%": 0.28461307271342273,
      "ai_naive_F/B": 6533.183800623053
    },
    "meta": {
      "N": 16384,
      "B": 1,
      "H_Q": 32,
      "H_KV": 4,
      "D": 512,
      "causal": true,
      "GQA_RATIO": 8,
      "block_cfg_fwd": "BQ=64, BKV=32, w=8, BLOCK_D=512",
      "block_cfg_dQ": "BQ=32, BKV=64, w=8",
      "block_cfg_dKV": "BQ=64, BKV=16, w=4, GQA_RATIO=8",
      "t_sdpa_fwd": 85.90589141845703,
      "t_triton_fwdbwd": 261.8545227050781,
      "t_sdpa_fwdbwd": 630.320556640625,
      "fwd_speedup": 1.807686521984621,
      "fwdbwd_speedup": 2.4071402324050872
    }
  }
}