{
  "gemma4_synthetic_slide1024": [
    {
      "config": {
        "B": 1,
        "H_Q": 32,
        "H_KV": 16,
        "D": 256,
        "N": 1024,
        "slide_size": 1024,
        "GQA_RATIO": 2,
        "effective_slide": 0
      },
      "kernels": {
        "fwd": 0.11532799899578094,
        "delta": 0.0453759990632534,
        "dq": 0.1576640009880066,
        "dkv": 0.28300800919532776,
        "sum_bwd_only": 0.48604800924658775,
        "sum_fwdbwd": 0.6013760082423687
      },
      "triton": {
        "fwd_only": 0.14131200313568115,
        "fwdbwd": 0.5171200037002563,
        "bwd_only": 0.3758080005645752,
        "overhead_ms": 0.0,
        "overhead_%": 0.0
      },
      "sdpa": {
        "fwd_only": 0.11369600147008896,
        "fwdbwd": 0.4296959936618805,
        "bwd_only": 0.31599999219179153
      },
      "speedup": {
        "fwd": 0.8045742679121418,
        "fwdbwd": 0.83094057585703,
        "bwd_only": 0.8408548825918174
      }
    },
    {
      "config": {
        "B": 1,
        "H_Q": 32,
        "H_KV": 16,
        "D": 256,
        "N": 2048,
        "slide_size": 1024,
        "GQA_RATIO": 2,
        "effective_slide": 1024
      },
      "kernels": {
        "fwd": 0.22364799678325653,
        "delta": 0.06623999774456024,
        "dq": 0.30486398935317993,
        "dkv": 0.6446080207824707,
        "sum_bwd_only": 1.0157120078802109,
        "sum_fwdbwd": 1.2393600046634674
      },
      "triton": {
        "fwd_only": 0.2526080012321472,
        "fwdbwd": 0.9458879828453064,
        "bwd_only": 0.6932799816131592,
        "overhead_ms": 0.0,
        "overhead_%": 0.0
      },
      "sdpa": {
        "fwd_only": 0.24672000110149384,
        "fwdbwd": 0.9859200119972229,
        "bwd_only": 0.7392000108957291
      },
      "speedup": {
        "fwd": 0.9766911574378743,
        "fwdbwd": 1.0423221669774225,
        "bwd_only": 1.0662359082916555
      }
    },
    {
      "config": {
        "B": 1,
        "H_Q": 32,
        "H_KV": 16,
        "D": 256,
        "N": 4096,
        "slide_size": 1024,
        "GQA_RATIO": 2,
        "effective_slide": 1024
      },
      "kernels": {
        "fwd": 0.4171519875526428,
        "delta": 0.10543999820947647,
        "dq": 0.6038079857826233,
        "dkv": 1.3483840227127075,
        "sum_bwd_only": 2.0576320067048073,
        "sum_fwdbwd": 2.47478399425745
      },
      "triton": {
        "fwd_only": 0.44143998622894287,
        "fwdbwd": 1.8815679550170898,
        "bwd_only": 1.440127968788147,
        "overhead_ms": 0.0,
        "overhead_%": 0.0
      },
      "sdpa": {
        "fwd_only": 0.6743680238723755,
        "fwdbwd": 3.027776002883911,
        "bwd_only": 2.3534079790115356
      },
      "speedup": {
        "fwd": 1.5276550491795045,
        "fwdbwd": 1.6091770668237229,
        "bwd_only": 1.6341658727674766
      }
    }
  ],
  "gemma4_e2b_slide512": [
    {
      "config": {
        "B": 1,
        "H_Q": 8,
        "H_KV": 1,
        "D": 256,
        "N": 1024,
        "slide_size": 512,
        "GQA_RATIO": 8,
        "effective_slide": 512
      },
      "kernels": {
        "fwd": 0.06976000219583511,
        "delta": 0.031968001276254654,
        "dq": 0.06815999746322632,
        "dkv": 0.271807998418808,
        "sum_bwd_only": 0.37193599715828896,
        "sum_fwdbwd": 0.44169599935412407
      },
      "triton": {
        "fwd_only": 0.0926399976015091,
        "fwdbwd": 0.39075198769569397,
        "bwd_only": 0.2981119900941849,
        "overhead_ms": 0.0,
        "overhead_%": 0.0
      },
      "sdpa": {
        "fwd_only": 0.07171200215816498,
        "fwdbwd": 0.2555519938468933,
        "bwd_only": 0.18383999168872833
      },
      "speedup": {
        "fwd": 0.7740933075865796,
        "fwdbwd": 0.654000496207097,
        "bwd_only": 0.6166809715726171
      }
    },
    {
      "config": {
        "B": 1,
        "H_Q": 8,
        "H_KV": 1,
        "D": 256,
        "N": 2048,
        "slide_size": 512,
        "GQA_RATIO": 8,
        "effective_slide": 512
      },
      "kernels": {
        "fwd": 0.0679360032081604,
        "delta": 0.035360001027584076,
        "dq": 0.09052799642086029,
        "dkv": 0.2722879946231842,
        "sum_bwd_only": 0.39817599207162857,
        "sum_fwdbwd": 0.46611199527978897
      },
      "triton": {
        "fwd_only": 0.09536000341176987,
        "fwdbwd": 0.44998401403427124,
        "bwd_only": 0.3546240106225014,
        "overhead_ms": 0.0,
        "overhead_%": 0.0
      },
      "sdpa": {
        "fwd_only": 0.09596800059080124,
        "fwdbwd": 0.3856000006198883,
        "bwd_only": 0.28963200002908707
      },
      "speedup": {
        "fwd": 1.0063758091157569,
        "fwdbwd": 0.8569193317843523,
        "bwd_only": 0.8167298077777408
      }
    },
    {
      "config": {
        "B": 1,
        "H_Q": 8,
        "H_KV": 1,
        "D": 256,
        "N": 4096,
        "slide_size": 512,
        "GQA_RATIO": 8,
        "effective_slide": 512
      },
      "kernels": {
        "fwd": 0.09775999933481216,
        "delta": 0.04508800059556961,
        "dq": 0.13996799290180206,
        "dkv": 0.2932159900665283,
        "sum_bwd_only": 0.4782719835639,
        "sum_fwdbwd": 0.5760319828987122
      },
      "triton": {
        "fwd_only": 0.1241919994354248,
        "fwdbwd": 0.5272960066795349,
        "bwd_only": 0.4031040072441101,
        "overhead_ms": 0.0,
        "overhead_%": 0.0
      },
      "sdpa": {
        "fwd_only": 0.21695999801158905,
        "fwdbwd": 0.8823360204696655,
        "bwd_only": 0.6653760224580765
      },
      "speedup": {
        "fwd": 1.74697242171707,
        "fwdbwd": 1.6733220227209247,
        "bwd_only": 1.6506311286931483
      }
    }
  ]
}