{
  "N=8192_slide=512": {
    "fwd": {
      "name": "fwd",
      "time_ms": 0.1682240068912506,
      "flops_G": 16.644046848,
      "tflops": 98.93978365858116,
      "mfu_%": 9.998967524869244,
      "bw_perfect_GB/s": 450.34961061755735,
      "bw_perfect_util_%": 13.443271958733055,
      "ai_perfect_F/B": 219.6955017301038,
      "bw_naive_GB/s": 799.4095164249375,
      "bw_naive_util_%": 23.862970639550372,
      "ai_naive_F/B": 123.76608187134502
    },
    "delta": {
      "name": "delta",
      "time_ms": 0.0644799992442131,
      "flops_G": 0.0,
      "tflops": 0.0,
      "mfu_%": 0.0,
      "bw_GB/s": 1044.8357442567178,
      "bw_util_%": 31.189126694230385,
      "ai_F/B": 0.0
    },
    "dQ": {
      "name": "dQ",
      "time_ms": 0.22918400168418884,
      "flops_G": 16.644046848,
      "tflops": 72.62307458500169,
      "mfu_%": 7.339370852450903,
      "bw_perfect_GB/s": 478.1144896448483,
      "bw_perfect_util_%": 14.272074317756664,
      "ai_perfect_F/B": 151.89473684210526,
      "bw_naive_GB/s": 734.3289529951976,
      "bw_naive_util_%": 21.920267253587987,
      "ai_naive_F/B": 98.89719626168224
    },
    "dKV": {
      "name": "dKV",
      "time_ms": 0.3620480000972748,
      "flops_G": 16.644046848,
      "tflops": 45.97193422841195,
      "mfu_%": 4.645976172654063,
      "bw_perfect_GB/s": 233.1468975862888,
      "bw_perfect_util_%": 6.959608883172799,
      "ai_perfect_F/B": 197.1801242236025,
      "bw_naive_GB/s": 233.1468975862888,
      "bw_naive_util_%": 6.959608883172799,
      "ai_naive_F/B": 197.1801242236025
    },
    "meta": {
      "N": 8192,
      "B": 1,
      "H_Q": 8,
      "H_KV": 1,
      "D": 256,
      "causal": true,
      "slide_size": 512,
      "GQA_RATIO": 8,
      "block_cfg_fwd": "BQ=128, BKV=64, w=8, BLOCK_D=256",
      "block_cfg_dQ": "BQ=64, BKV=64, w=4",
      "block_cfg_dKV": "BQ=64, BKV=32, w=4, GQA_RATIO=8",
      "t_sdpa_fwd": 0.5853760242462158,
      "t_triton_fwdbwd": 0.7881919741630554,
      "t_sdpa_fwdbwd": 2.505919933319092,
      "fwd_speedup": 3.479741298901741,
      "fwdbwd_speedup": 3.17932688413887,
      "fwd_unmasked_kv_blocks": 372,
      "fwd_total_kv_blocks": 620,
      "fwd_split_loop_ceiling_%": 60.0
    }
  },
  "N=16384_slide=512": {
    "fwd": {
      "name": "fwd",
      "time_ms": 0.2924480140209198,
      "flops_G": 33.823916032,
      "tflops": 115.65787562359874,
      "mfu_%": 11.688516990762885,
      "bw_perfect_GB/s": 518.1065513721059,
      "bw_perfect_util_%": 15.465867205137487,
      "ai_perfect_F/B": 223.2318339100346,
      "bw_naive_GB/s": 919.6839475913158,
      "bw_naive_util_%": 27.453252166904953,
      "ai_naive_F/B": 125.75828460038986
    },
    "delta": {
      "name": "delta",
      "time_ms": 0.10825599730014801,
      "flops_G": 0.0,
      "tflops": 0.0,
      "mfu_%": 0.0,
      "bw_GB/s": 1244.6609828591527,
      "bw_util_%": 37.15405918982545,
      "ai_F/B": 0.0
    },
    "dQ": {
      "name": "dQ",
      "time_ms": 0.45494401454925537,
      "flops_G": 33.823916032,
      "tflops": 74.34742506836078,
      "mfu_%": 7.513635681491741,
      "bw_perfect_GB/s": 481.71286354240635,
      "bw_perfect_util_%": 14.379488463952427,
      "ai_perfect_F/B": 154.3397129186603,
      "bw_naive_GB/s": 739.8556420914472,
      "bw_naive_util_%": 22.085243047505887,
      "ai_naive_F/B": 100.48909657320873
    },
    "dKV": {
      "name": "dKV",
      "time_ms": 0.8202239871025085,
      "flops_G": 33.823916032,
      "tflops": 41.237413881889815,
      "mfu_%": 4.167500139655362,
      "bw_perfect_GB/s": 205.8227248344316,
      "bw_perfect_util_%": 6.143961935356168,
      "ai_perfect_F/B": 200.35403726708074,
      "bw_naive_GB/s": 205.8227248344316,
      "bw_naive_util_%": 6.143961935356168,
      "ai_naive_F/B": 200.35403726708074
    },
    "meta": {
      "N": 16384,
      "B": 1,
      "H_Q": 8,
      "H_KV": 1,
      "D": 256,
      "causal": true,
      "slide_size": 512,
      "GQA_RATIO": 8,
      "block_cfg_fwd": "BQ=128, BKV=64, w=8, BLOCK_D=256",
      "block_cfg_dQ": "BQ=64, BKV=64, w=4",
      "block_cfg_dKV": "BQ=64, BKV=32, w=4, GQA_RATIO=8",
      "t_sdpa_fwd": 1.905087947845459,
      "t_triton_fwdbwd": 1.5672320127487183,
      "t_sdpa_fwdbwd": 10.265727996826172,
      "fwd_speedup": 6.514278970994077,
      "fwdbwd_speedup": 6.550228628128543,
      "fwd_unmasked_kv_blocks": 756,
      "fwd_total_kv_blocks": 1260,
      "fwd_split_loop_ceiling_%": 60.0
    }
  },
  "N=32768_slide=512": {
    "fwd": {
      "name": "fwd",
      "time_ms": 0.6176959872245789,
      "flops_G": 68.1836544,
      "tflops": 110.3838389923199,
      "mfu_%": 11.155516825903982,
      "bw_perfect_GB/s": 490.59483996586613,
      "bw_perfect_util_%": 14.644622088533318,
      "ai_perfect_F/B": 225.0,
      "bw_naive_GB/s": 870.8482799394094,
      "bw_naive_util_%": 25.995471042967445,
      "ai_naive_F/B": 126.75438596491227
    },
    "delta": {
      "name": "delta",
      "time_ms": 0.19971199333667755,
      "flops_G": 0.0,
      "tflops": 0.0,
      "mfu_%": 0.0,
      "bw_GB/s": 1349.3632880910648,
      "bw_util_%": 40.27950113704671,
      "ai_F/B": 0.0
    },
    "dQ": {
      "name": "dQ",
      "time_ms": 0.9196799993515015,
      "flops_G": 68.1836544,
      "tflops": 74.13845516710018,
      "mfu_%": 7.492516944628617,
      "bw_perfect_GB/s": 476.58399476890224,
      "bw_perfect_util_%": 14.22638790354932,
      "ai_perfect_F/B": 155.5622009569378,
      "bw_naive_GB/s": 731.9782886163523,
      "bw_naive_util_%": 21.850098167652305,
      "ai_naive_F/B": 101.28504672897196
    },
    "dKV": {
      "name": "dKV",
      "time_ms": 1.7031680345535278,
      "flops_G": 68.1836544,
      "tflops": 40.0334277162933,
      "mfu_%": 4.045823922818929,
      "bw_perfect_GB/s": 198.24319453512408,
      "bw_perfect_util_%": 5.917707299555943,
      "ai_perfect_F/B": 201.94099378881987,
      "bw_naive_GB/s": 198.24319453512408,
      "bw_naive_util_%": 5.917707299555943,
      "ai_naive_F/B": 201.94099378881987
    },
    "meta": {
      "N": 32768,
      "B": 1,
      "H_Q": 8,
      "H_KV": 1,
      "D": 256,
      "causal": true,
      "slide_size": 512,
      "GQA_RATIO": 8,
      "block_cfg_fwd": "BQ=128, BKV=64, w=8, BLOCK_D=256",
      "block_cfg_dQ": "BQ=64, BKV=64, w=4",
      "block_cfg_dKV": "BQ=64, BKV=32, w=4, GQA_RATIO=8",
      "t_sdpa_fwd": 7.540800094604492,
      "t_triton_fwdbwd": 3.10697603225708,
      "t_sdpa_fwdbwd": 39.36076736450195,
      "fwd_speedup": 12.207947356897504,
      "fwdbwd_speedup": 12.668513356991719,
      "fwd_unmasked_kv_blocks": 1524,
      "fwd_total_kv_blocks": 2540,
      "fwd_split_loop_ceiling_%": 60.0
    }
  },
  "N=8192_slide=1024": {
    "fwd": {
      "name": "fwd",
      "time_ms": 0.24857600033283234,
      "flops_G": 32.214351872,
      "tflops": 129.59558376056577,
      "mfu_%": 13.097077691820694,
      "bw_perfect_GB/s": 304.77445891220873,
      "bw_perfect_util_%": 9.097745042155484,
      "ai_perfect_F/B": 425.2179930795848,
      "bw_naive_GB/s": 541.0010291417407,
      "bw_naive_util_%": 16.14928445199226,
      "ai_naive_F/B": 239.54775828460038
    },
    "delta": {
      "name": "delta",
      "time_ms": 0.06675200164318085,
      "flops_G": 0.0,
      "tflops": 0.0,
      "mfu_%": 0.0,
      "bw_GB/s": 1009.2732253952177,
      "bw_util_%": 30.12755896702142,
      "ai_F/B": 0.0
    },
    "dQ": {
      "name": "dQ",
      "time_ms": 0.35120001435279846,
      "flops_G": 32.214351872,
      "tflops": 91.72651069324566,
      "mfu_%": 9.26998592150032,
      "bw_perfect_GB/s": 312.00508975470905,
      "bw_perfect_util_%": 9.313584768797286,
      "ai_perfect_F/B": 293.99043062200957,
      "bw_naive_GB/s": 479.2039895275675,
      "bw_naive_util_%": 14.304596702315447,
      "ai_naive_F/B": 191.41433021806853
    },
    "dKV": {
      "name": "dKV",
      "time_ms": 0.6108800172805786,
      "flops_G": 32.214351872,
      "tflops": 52.73433564811447,