{
  "N=8192_slide=512": {
    "fwd": {
      "name": "fwd",
      "time_ms": 0.16886399686336517,
      "flops_G": 16.644046848,
      "tflops": 98.56480455965628,
      "mfu_%": 9.961071708909175,
      "bw_perfect_GB/s": 448.64279779721323,
      "bw_perfect_util_%": 13.392322322304873,
      "ai_perfect_F/B": 219.6955017301038,
      "bw_naive_GB/s": 796.3797760206588,
      "bw_naive_util_%": 23.772530627482354,
      "ai_naive_F/B": 123.76608187134502
    },
    "delta": {
      "name": "delta",
      "time_ms": 0.06703999638557434,
      "flops_G": 0.0,
      "tflops": 0.0,
      "mfu_%": 0.0,
      "bw_GB/s": 1004.9375243477323,
      "bw_util_%": 29.99813505515619,
      "ai_F/B": 0.0
    },
    "dQ": {
      "name": "dQ",
      "time_ms": 0.23347200453281403,
      "flops_G": 16.644046848,
      "tflops": 71.2892617738274,
      "mfu_%": 7.2045742065515315,
      "bw_perfect_GB/s": 469.33332422131696,
      "bw_perfect_util_%": 14.009949976755731,
      "ai_perfect_F/B": 151.89473684210526,
      "bw_naive_GB/s": 720.8420912681471,
      "bw_naive_util_%": 21.517674366213345,
      "ai_naive_F/B": 98.89719626168224
    },
    "dKV": {
      "name": "dKV",
      "time_ms": 0.37276801466941833,
      "flops_G": 16.644046848,
      "tflops": 44.6498792627378,
      "mfu_%": 4.512367788048286,
      "bw_perfect_GB/s": 226.44208912306385,
      "bw_perfect_util_%": 6.75946534695713,
      "ai_perfect_F/B": 197.1801242236025,
      "bw_naive_GB/s": 226.44208912306385,
      "bw_naive_util_%": 6.75946534695713,
      "ai_naive_F/B": 197.1801242236025
    },
    "meta": {
      "N": 8192,
      "B": 1,
      "H_Q": 8,
      "H_KV": 1,
      "D": 256,
      "causal": true,
      "slide_size": 512,
      "GQA_RATIO": 8,
      "block_cfg_fwd": "BQ=128, BKV=64, w=8, BLOCK_D=256",
      "block_cfg_dQ": "BQ=64, BKV=64, w=4",
      "block_cfg_dKV": "BQ=64, BKV=32, w=4, GQA_RATIO=8",
      "t_sdpa_fwd": 0.5850239992141724,
      "t_triton_fwdbwd": 0.8161280155181885,
      "t_sdpa_fwdbwd": 2.4785919189453125,
      "fwd_speedup": 3.464468507680411,
      "fwdbwd_speedup": 3.0370136446934333,
      "fwd_unmasked_kv_blocks": 372,
      "fwd_total_kv_blocks": 620,
      "fwd_split_loop_ceiling_%": 60.0
    }
  },
  "N=16384_slide=512": {
    "fwd": {
      "name": "fwd",
      "time_ms": 0.29337599873542786,
      "flops_G": 33.823916032,
      "tflops": 115.2920354009704,
      "mfu_%": 11.651544760077858,
      "bw_perfect_GB/s": 516.4677160132754,
      "bw_perfect_util_%": 15.416946746664939,
      "ai_perfect_F/B": 223.2318339100346,
      "bw_naive_GB/s": 916.7748730616272,
      "bw_naive_util_%": 27.366414121242606,
      "ai_naive_F/B": 125.75828460038986
    },
    "delta": {
      "name": "delta",
      "time_ms": 0.10822399705648422,
      "flops_G": 0.0,
      "tflops": 0.0,
      "mfu_%": 0.0,
      "bw_GB/s": 1245.0290107994765,
      "bw_util_%": 37.16504509849183,
      "ai_F/B": 0.0
    },
    "dQ": {
      "name": "dQ",
      "time_ms": 0.46399998664855957,
      "flops_G": 33.823916032,
      "tflops": 72.89637285618875,
      "mfu_%": 7.3669906878412075,
      "bw_perfect_GB/s": 472.31118600438504,
      "bw_perfect_util_%": 14.098841373265225,
      "ai_perfect_F/B": 154.3397129186603,
      "bw_naive_GB/s": 725.4157450115196,
      "bw_naive_util_%": 21.65420134362745,
      "ai_naive_F/B": 100.48909657320873
    },
    "dKV": {
      "name": "dKV",
      "time_ms": 0.8153600096702576,
      "flops_G": 33.823916032,
      "tflops": 41.48341300878718,
      "mfu_%": 4.192361092348376,
      "bw_perfect_GB/s": 207.05054699490762,
      "bw_perfect_util_%": 6.18061334313157,
      "ai_perfect_F/B": 200.35403726708074,
      "bw_naive_GB/s": 207.05054699490762,
      "bw_naive_util_%": 6.18061334313157,
      "ai_naive_F/B": 200.35403726708074
    },
    "meta": {
      "N": 16384,
      "B": 1,
      "H_Q": 8,
      "H_KV": 1,
      "D": 256,
      "causal": true,
      "slide_size": 512,
      "GQA_RATIO": 8,
      "block_cfg_fwd": "BQ=128, BKV=64, w=8, BLOCK_D=256",
      "block_cfg_dQ": "BQ=64, BKV=64, w=4",
      "block_cfg_dKV": "BQ=64, BKV=32, w=4, GQA_RATIO=8",
      "t_sdpa_fwd": 1.9065920114517212,
      "t_triton_fwdbwd": 1.3999040126800537,
      "t_sdpa_fwdbwd": 10.241600036621094,
      "fwd_speedup": 6.498800241566873,
      "fwdbwd_speedup": 7.315930195109598,
      "fwd_unmasked_kv_blocks": 756,
      "fwd_total_kv_blocks": 1260,
      "fwd_split_loop_ceiling_%": 60.0
    }
  },
  "N=32768_slide=512": {
    "fwd": {
      "name": "fwd",
      "time_ms": 0.617792010307312,
      "flops_G": 68.1836544,
      "tflops": 110.36668209108595,
      "mfu_%": 11.153782929872254,
      "bw_perfect_GB/s": 490.51858707149313,
      "bw_perfect_util_%": 14.642345882731139,
      "ai_perfect_F/B": 225.0,
      "bw_naive_GB/s": 870.7129244556262,
      "bw_naive_util_%": 25.991430580764963,
      "ai_naive_F/B": 126.75438596491227
    },
    "delta": {
      "name": "delta",
      "time_ms": 0.1998399943113327,
      "flops_G": 0.0,
      "tflops": 0.0,
      "mfu_%": 0.0,
      "bw_GB/s": 1348.4989975538538,
      "bw_util_%": 40.25370141951802,
      "ai_F/B": 0.0
    },
    "dQ": {
      "name": "dQ",
      "time_ms": 0.9241600036621094,
      "flops_G": 68.1836544,
      "tflops": 73.77905787938562,
      "mfu_%": 7.456195844303751,
      "bw_perfect_GB/s": 474.27368233115254,
      "bw_perfect_util_%": 14.157423353168733,
      "ai_perfect_F/B": 155.5622009569378,
      "bw_naive_GB/s": 728.4299140110045,
      "bw_naive_util_%": 21.744176537641923,
      "ai_naive_F/B": 101.28504672897196
    },
    "dKV": {
      "name": "dKV",
      "time_ms": 1.6473599672317505,
      "flops_G": 68.1836544,
      "tflops": 41.38965117294727,
      "mfu_%": 4.182885414143231,
      "bw_perfect_GB/s": 204.959133836048,
      "bw_perfect_util_%": 6.118183099583523,
      "ai_perfect_F/B": 201.94099378881987,
      "bw_naive_GB/s": 204.959133836048,
      "bw_naive_util_%": 6.118183099583523,
      "ai_naive_F/B": 201.94099378881987
    },
    "meta": {
      "N": 32768,
      "B": 1,
      "H_Q": 8,
      "H_KV": 1,
      "D": 256,
      "causal": true,
      "slide_size": 512,
      "GQA_RATIO": 8,
      "block_cfg_fwd": "BQ=128, BKV=64, w=8, BLOCK_D=256",
      "block_cfg_dQ": "BQ=64, BKV=64, w=4",
      "block_cfg_dKV": "BQ=64, BKV=32, w=4, GQA_RATIO=8",
      "t_sdpa_fwd": 7.588768005371094,
      "t_triton_fwdbwd": 2.7735040187835693,
      "t_sdpa_fwdbwd": 39.56435012817383,
      "fwd_speedup": 12.2836939920867,
      "fwdbwd_speedup": 14.265113682988767,
      "fwd_unmasked_kv_blocks": 1524,
      "fwd_total_kv_blocks": 2540,
      "fwd_split_loop_ceiling_%": 60.0
    }
  },
  "N=8192_slide=1024": {
    "fwd": {
      "name": "fwd",
      "time_ms": 0.26316800713539124,
      "flops_G": 32.214351872,
      "tflops": 122.40983325692314,
      "mfu_%": 12.370877539860853,
      "bw_perfect_GB/s": 287.87547857602686,
      "bw_perfect_util_%": 8.5932978679411,
      "ai_perfect_F/B": 425.2179930795848,
      "bw_naive_GB/s": 511.00387719550787,
      "bw_naive_util_%": 15.25384708046292,
      "ai_naive_F/B": 239.54775828460038
    },
    "delta": {
      "name": "delta",
      "time_ms": 0.0666240006685257,
      "flops_G": 0.0,
      "tflops": 0.0,
      "mfu_%": 0.0,
      "bw_GB/s": 1011.2122857225415,
      "bw_util_%": 30.185441364851982,
      "ai_F/B": 0.0
    },
    "dQ": {
      "name": "dQ",
      "time_ms": 0.35235199332237244,
      "flops_G": 32.214351872,
      "tflops": 91.42662020511568,
      "mfu_%": 9.239678646297694,
      "bw_perfect_GB/s": 310.9850208786729,
      "bw_perfect_util_%": 9.283134951602175,
      "ai_perfect_F/B": 293.99043062200957,
      "bw_naive_GB/s": 477.63728087107177,
      "bw_naive_util_%": 14.257829279733485,
      "ai_naive_F/B": 191.41433021806853
    },
    "dKV": {
      "name": "dKV",
      "time_ms": 0.6092479825019836,
      "flops_G": 32.214351872,
      "tflops": 52.87559876637772,